TITLE: Bill of Materials
BOM NO: 05-037760-01-f2.csv
DATE: 04/17/2019
DESIGN: 02_037760f_top
TEMPLATE: Z:\allegro\v172_site\cdssetup\template.bom
CALLOUT: 

ITEM#,Qty,WW_PN,DESCRIPTION," VALUE",JEDEC_TYPE,TOL,VOLTAGE,WATTAGE,LOCATION,MFG," MFG_PN",HLM_STATUS,STOCKROOM_WL,STOCKROOM_GT,STOCKROOM_LK,STOCKROOM_GBO,STOCKROOM_NSH,CUSTOM_PART,DNI
1,1,08_037760f,PCB,?,?,?,?,?,?,Analog Devices Supplied,08_037760f,N/A,?,?,?,?,?,?,?
2,2,E005069,IC 5 OHM LOW VOLT SINGLE SPDT SWITCH," ADG719BRTZ",SOT23_6,N/A,N/A,?,"A2,B2",ANALOG DEVICES," ADG719BRTZ-REEL7",REL,N/A,40901JH229,N/A,N/A,1003415,?,?
3,3,E019683,"IC-ADI DUAL PRECISION, CMOS RRIO OPAMP"," ADA4661-2ARMZ",MSOP8,N/A,N/A,?,"A3,B3,U8",ADI," ADA4661-2ARMZ",REL,N/A,N/A,N/A,N/A,1002957,?,?
4,2,E020278,IC-ADI 5V RAIL TO RAIL HIGH OUTPUT CURRENT xDSL LINE DRIVE AMP," AD8018ARZ",SO8,N/A,N/A,?,"A4,B4",ADI," AD8018ARZ",REL,N/A,N/A,N/A,N/A,N/A,?,?
5,12,E019080,"CAP CER MULTILAYER X5R, FOR SM-TH COMBO FOOTPRINT USE ALT_SYMBOLS"," 10uF",C0805,10,25V,N/A,"C1,C3,C18,C47,C64,C72,C73,C76,C78,C80,C82,CIN1",TDK," C2012X5R1E106K085AC",REL,N/A,N/A,N/A,N/A,7002497,?,?
6,13,E026591,CAP CER X7R," 1UF",C0603,10,25V,N/A,"C10,C17,C22,C23,C30,C59,C62,C68,C91,C93,CC,CVCC,CVCC2",WURTH ELEKTRONIK," 885012206076",REL,N/A,N/A,N/A,N/A,N/A,?,?
7,3,E007982,CAP CER MULTILAYER NP0 0402," 10pF",C0402,5,50V,N/A,"C5,C20,C101",YAGEO," CC0402JRNP09BN100",REL,A004-0011-015,N/A,N/A,146_BIN2-6A,7002459,?,?
9,2,E020112,CAP CER X5R," 4.7uF",C0603,10,16V,N/A,"C104,C106",TDK," C1608X5R1C475K080AC",REL,N/A,N/A,N/A,N/A,N/A,?,?
10,4,E019646,CAP CER X5R," 0.01uF",C0402,10,25V,N/A,"C31,C105,C109,C112",AVX," 04023D103KAT2A",REL,N/A,N/A,N/A,N/A,7001960,?,?
11,2,E015288,"CAP CER X7R, GENERAL PURPOSE"," 2.2uF",C0603,10,10V,N/A,"C107,C108",MURATA," GRM188R71A225KE15D",REL,N/A,N/A,N/A,N/A,N/A,?,?
12,47,E027519,"CAP CER X7R, BROADBAND"," 0.1UF",C0402,10,16V,N/A,"C2,C4,C8,C9,C11,C13,C14,C19,C21,C24,C25,C32,C33,C34,C35,C36,C37,C38,C40,C41,C44,C46,C48,C49,C50,C51,C52,C53,C54,C55,C56,C58,C61,C63,C65,C66,C69,C70,C71,C74,C75,C77,C79,C81,C90,C92,C99",AMERICAN TECHNICAL CERAMICS," 530L104KT16T",REL,N/A,N/A,N/A,N/A,N/A,?,?
13,1,E000419,CAP CER X7R," 0.082UF",C0603,10,16V,N/A,C110,PHYCOMP (YAGEO)," 2238 786 15648",REL,ADD_TO_STOCK_#32,N/A,3019550,N/A,7002076,?,?
14,3,E010382,"CAP CER X5R, GENERAL PURPOSE"," 4.7uF",C0603,10,6.3V,N/A,"C12,C15,COUT1",MURATA," GRM188R60J475KE19",NON-PREF,N/A,N/A,N/A,1391_CAB3,7003191,?,?
15,4,E019413,CAP CER X7R," 0.01uF",C0402,10,50V,N/A,"C26,C42,C94,C95",MURATA," GCM155R71H103KA55D",REL,N/A,N/A,N/A,N/A,N/A,?,?
16,2,E012693,CAP CER X7R 0603," 0.0056uF",C0603,5,50V,N/A,"C27,C28",AVX," 06035C562JAT2A",REL,N/A,N/A,N/A,N/A,7003363,?,?
17,2,E011546,"CAP CER X7R, GENERAL PURPOSE"," 47uF",C1210-2,10,10V,N/A,"C29,C45",MURATA," GRM32ER71A476KE15L",REL,N/A,N/A,N/A,N/A,N/A,?,?
18,2,E007908,"CAP CER C0G(NP0), GENERAL PURPOSE"," 0.001uF",C0603,5,50V,N/A,"C39,C43",MURATA," GRM1885C1H102JA01D",REL,N/A,N/A,N/A,N/A,N/A,?,?
19,2,E033360,CAP CER C0G," 12PF",C0402,5,50V,N/A,"C6,C7",MURATA," GJM1555C1H120JB01D",REL,N/A,N/A,N/A,N/A,N/A,?,?
21,2,E025706,"CAP MULTILAYER CER CHIP, HIGH RELIABILITY, X7R"," 1000PF",C0402,10,25V,N/A,"C96,C97",TDK," CGJ2B2X7R1E102K050BA",REL,N/A,N/A,N/A,N/A,N/A,?,?
22,1,E012401,"CAP CER C0G(NP0), GENERAL PURPOSE"," 0.01uF",C0805,5,50V,N/A,CBST,MURATA," GRM2195C1H103JA01D",REL,A004-0008-076,N/A,N/A,N/A,7001989,?,?
23,1,E026401,"CAP CER C0G(NP0), GENERAL PURPOSE"," 2700PF",C0603,5,50V,N/A,CC1,MURATA," GRM1885C1H272JA01D",REL,N/A,N/A,N/A,N/A,7000875,?,?
24,1,E000265,CAP CER," 22PF",C0402,5,50V,N/A,CC2,PHYCOMP (YAGEO)," 0402CG220J9B200",REL,A004-0011-016,40302JH302,N/A,N/A,7002906,?,?
25,1,E014885,CAP TANT SMD," 47UF",C3528,10,10V,N/A,COUT2,AVX," TAJB476K010R",REL,N/A,N/A,N/A,N/A,7003276,?,?
27,1,E006709,DIODE SCHOTTKY," B160B-13-F",DIO214AA,N/A,60V,N/A,D1,DIODES INCORPORATED," B160B-13-F",REL,A002-0002-060,N/A,N/A,N/A,7003741,?,?
28,6,E016644,DIODE SCHOTTKY BARRIER ARRAYS," BAT54SDW-7-F",SOT363H43,N/A,30V,N/A,"D2,D5,D6,D7,D10,D11",DIODES INCORPORATED," BAT54SDW-7-F",REL,N/A,N/A,N/A,N/A,7003770,?,?
29,2,E021289,DIODE SCHOTTKY BARRIER RECTIFIER," PD3S130L-7",POWERDI323,N/A,30V,N/A,"D3,D4",DIODES INCORPORATED," PD3S130L-7",REL,N/A,N/A,N/A,N/A,N/A,?,?
30,2,E023287,DIODE ESD SUPPRESSOR," MLESD12A-0402-TP",D0402,N/A,12V,N/A,"D8,D9",MICRO COMMERCIAL COMPONENTS," MLESD12A-0402-TP",REL,N/A,N/A,N/A,N/A,N/A,?,?
31,1,E027097,"LED UNICOLOR RED 631NM, REVERSE MOUNT"," LTST-C230KRKT",LED1206H11,N/A,2V,0.075W,DS1,LITE-ON TECHNOLOGY," LTST-C230KRKT",REL,N/A,N/A,N/A,N/A,N/A,?,?
32,1,E027102,"LED UNICOLOR GREEN 574NM, REVERSE MOUNT"," LTST-C230KGKT",LED1206H11,N/A,2V,0.075W,DS2,LITE-ON TECHNOLOGY," LTST-C230KGKT",REL,N/A,N/A,N/A,N/A,N/A,?,?
33,1,E027101,"LED UNICOLOR BLUE 468NM, REVERSE MOUNT"," LTST-C230TBKT",LED1206H11,N/A,3.3V,0.076W,DS3,LITE-ON TECHNOLOGY," LTST-C230TBKT",REL,N/A,N/A,N/A,N/A,N/A,?,?
34,1,E015984,IND CHIP FERRITE BEAD," 330OHM",L0603,25,N/A,N/A,E1,MURATA MANUFACTURING," BLM18SG331TN1D",REL,N/A,N/A,N/A,N/A,7005146,?,?
35,3,E012241,IND CHIP FERRITE BD," 100OHM",L0805,25,N/A,N/A,"E2,E3,E4",TDK," MPZ2012S101A",REL,N/A,N/A,N/A,N/A,7004820,?,?
37,1,E018625,IND SHIELDED POWER," 2.2uH",LSML126W90H59,20,N/A,N/A,L1,COILCRAFT," PFL3215-222MEC",NON-PREF,N/A,N/A,N/A,N/A,7005018,?,?
38,1,E015929,IND POWER WIRE-WOUND," 1uH",L0603,20,N/A,N/A,L2,TAIYO YUDEN," BRC1608T1R0M",REL,N/A,N/A,N/A,N/A,7004982,?,?
39,1,E013623,"IND SHIELDED POWER, DCR .0401OHM, 4.5A"," 4.7uH",LSMSQ157H122,20,N/A,N/A,L3,COILCRAFT," XAL4030-472MEC",REL,N/A,N/A,N/A,N/A,7005202,?,?
40,1,E016398,IND SM," 110nH",L9075,5,N/A,N/A,L4,COILCRAFT," 0805LS-111XJLB",REL,N/A,N/A,N/A,1552_CAB3,N/A,?,?
41,1,E021325,CONN-PCB MICRO-USB B-TYPE REVERSE," 10103592-0001LF",CNFCI10103592-0001LF,N/A,N/A,N/A,P1,AMPHENOL FCI," 10103592-0001LF",REL,N/A,N/A,N/A,N/A,N/A,?,?
42,1,E023551,CONN-PCB HDR FEMALE 8POS 2.54MM PITCH RA GOLD," PPPC081LGBN-RC",CNHDRRA1X8H108,N/A,N/A,N/A,P2,SULLINS," PPPC081LGBN-RC",REL,N/A,N/A,N/A,N/A,N/A,?,?
43,1,E020346,CONN-PCB HDR FEMALE 6POS 0.100 RA GOLD," PPPC061LGBN-RC",CNHDRRA1X6H108,N/A,N/A,N/A,P3,SULLINS," PPPC061LGBN-RC",REL,N/A,N/A,N/A,N/A,N/A,?,?
44,1,E016316,TRAN N-CHAN (D-S) MOSFET," SI3456DDV-T1-GE3",TSOP6,N/A,30V,N/A,Q1,VISHAY," SI3456DDV-T1-GE3",REL,N/A,N/A,N/A,N/A,N/A,?,?
45,7,E003751,RES PRECISION THICK FILM CHIP," 10K",R0402,1,N/A,1/10W,"R1,R2,R9,R10,R24,R25,R93",PANASONIC," ERJ-2RKF1002X",REL,A003-0035-004,41816DG719,N/A,N/A,7000582,?,?
47,1,E021391,RES THICK FILM CHIP," 62K",R0402,1,N/A,1/16W,R12,YAGEO," RC0402FR-0762KL",REL,N/A,N/A,N/A,N/A,N/A,?,?
49,4,E008190,RES PRECISION THICK FILM CHIP," 4.7K",R0402,1,50V,1/10W,"R14,R23,R35,R44",PANASONIC," ERJ-2RKF4701X",REL,N/A,N/A,N/A,1548_CAB3,7007535,?,?
50,2,E027098,RES PRECISION THICK FILM CHIP," 255",R0402,1,N/A,1/10W,"R15,R16",PANASONIC," ERJ-2RKF2550X",REL,N/A,N/A,N/A,N/A,N/A,?,?
51,1,E003763,RES PRECISION THICK FILM CHIP," 1K",R0402,1,N/A,1/10W,R17,PANASONIC," ERJ-2RKF1001X",REL,A003-0035-019,N/A,N/A,751_CAB3,7001202,?,?
52,1,E023305,RES GENERAL PURPOSE CHIP," 53.6K",R0402,1,N/A,1/16W,R18,YAGEO," RC0402FR-0753K6L",REL,N/A,N/A,N/A,N/A,N/A,?,?
53,1,E019976,RES PRECISION THICK FILM CHIP," 12.7K",R0402,1,N/A,1/10W,R19,PANASONIC," ERJ-2RKF1272X",REL,N/A,N/A,N/A,N/A,N/A,?,?
54,4,E017444,RES PRECISION THICK FILM CHIP," 150",R0402,1,N/A,1/10W,"R7,R20,R74,R75",PANASONIC," ERJ-2RKF1500X",REL,N/A,N/A,N/A,N/A,7006192,?,?
55,1,E010661,RES THICK FILM CHIP," 0",R0402,1,50V,1/16W,R21,MULTICOMP (SPC)," MC00625W040210R",REL,N/A,N/A,N/A,N/A,7001777,?,?
56,2,E027103,RES PRECISION THICK FILM CHIP," 1.02K",R0402,1,N/A,1/10W,"R22,R40",PANASONIC," ERJ-2RKF1021X",REL,N/A,N/A,N/A,N/A,N/A,?,?
58,2,E020998,RES PRECISION THICK FILM CHIP," 604",R0402,1,N/A,1/10W,"R27,R62",PANASONIC," ERJ-2RKF6040X",REL,N/A,N/A,N/A,N/A,N/A,?,?
59,4,E003114,RES PRECISION THICK FILM CHIP R1206," 49.9",R1206,1,N/A,1/4W,"R28,R48,R63,R64",PANASONIC," ERJ-8ENF49R9V",REL,A003-0014-026,41816DG151,N/A,601_CAB3,7007761,?,?
60,2,E007883,RES PRECISION THICK FILM CHIP R0603," 100",R0603,1,N/A,1/16W,"R29,R31",MULTICOMP (SPC)," MC 0.063W 0603 1% 100R",REL,N/A,N/A,FEC 9330364,N/A,N/A,?,?
61,1,E011558,RES PRECISION THICK FILM CHIP," 6.8K",R0402,1,N/A,1/10W,R3,PANASONIC," ERJ-2RKF6801X",REL,N/A,N/A,N/A,N/A,7008171,?,?
62,2,E017079,RES LOW RESISTANCE CHIP," 0.5",R0805,1,N/A,1/3W,"R30,R32","SUSUMU CO, LTD"," RL1220S-R50-F",REL,N/A,N/A,N/A,N/A,7005433,?,?
63,2,E006438,RES PRECISION THICK FILM CHIP R0603," 2.49K",R0603,1,N/A,1/10W,"R33,R39",PANASONIC," ERJ-3EKF2491V",REL,A003-0032-114,41816DG1091,N/A,N/A,N/A,?,?
64,3,E007502,RES CHIP SMD WW PRECISION POWER," 0",R0603,N/A,N/A,N/A,"R36,R37,R54",VISHAY," CRCW06030000Z0EA",REL,N/A,N/A,N/A,N/A,7000371,?,?
65,2,E003682,RES PRECISION THICK FILM CHIP R0603," 1MEG",R0603,1,N/A,1/10W,"R8,R38",PANASONIC," ERJ-3EKF1004V",REL,A003-0032-017,41816DG307,FEC 911-598,N/A,N/A,?,?
66,2,E004235,RES THICK FILM CHIP," 39",R0603,1,N/A,1/16W,"R4,R5",MULTICOMP (SPC)," MC0063W0603139R",REL,N/A,N/A,N/A,N/A,N/A,?,?
67,3,E003795,RES PRECISION THICK FILM CHIP," 130",R0402,1,N/A,1/16W,"R41,R42,R43",PANASONIC," ERJ-2RKF1300X",REL,A003-0035-052,N/A,N/A,N/A,7006099,?,?
68,1,E019639,RES STD THICK FILM CHIP," 1",R0402,5,N/A,1/16W,R45,VISHAY," CRCW04021R00JNED",REL,N/A,N/A,N/A,N/A,7005444,?,?
69,8,E003992,RES CHIP SMD 0805," 8.06",R0805,1,N/A,1/8W,"R46,R47,R49,R57,R59,R61,R65,R66",YAGEO," 9C08052A8R06FGHFT",REL,A003-0072-013,41816JH1363,N/A,N/A,7008378,?,?
70,4,E011432,RES THICK FILM CHIP," 220",R0402,1,50V,1/16W,"R50,R51,R52,R53",MULTICOMP (SPC)," 0402WGF2200TCE",REL,N/A,41816DG1634,N/A,N/A,7006806,?,?
71,1,E003464,RES THICK FILM CHIP," 100K",R0402,5,N/A,1/10W,R55,PANASONIC," ERJ-2GEJ104X",REL,N/A,N/A,N/A,N/A,7005773,?,?
73,1,E017078,RES THICK FILM," 0.1",R0402,1,N/A,1/6W,R6,PANASONIC," ERJ-2BSFR10X",REL,N/A,N/A,N/A,N/A,7005414,?,?
74,4,E003666,RES PRECISION THICK FILM CHIP R0603," 10",R0603,1,N/A,1/10W,"R67,R68,R70,R71",PANASONIC," ERJ-3EKF10R0V",REL,A003-0032-001,41816DG315,FEC 910-995,N/A,7005634,?,?
75,8,E017858,RES THICK FILM CHIP," 10",R0402,1,N/A,1/16W,"R69,R86,R87,R88,R89,R90,R91,R92",MULTICOMP (SPC)," MC00625W0402110R",REL,N/A,N/A,N/A,N/A,7005635,?,?
76,8,E020519,RES PRECISION THICK FILM CHIP," 33",R0402,1,N/A,1/10W,"R72,R73,R78,R79,R80,R81,R82,R83",PANASONIC," ERJ-2RKF33R0X",REL,N/A,N/A,N/A,N/A,N/A,?,?
77,2,E025327,RES THICK FILM CHIP," 1.5K",R0402,5,N/A,1/10W,"R76,R77",PANASONIC," ERJ-2GEJ152X",REL,N/A,N/A,N/A,N/A,N/A,?,?
78,2,E023524,RES LOW OHMIC CHIP," 0.5",R0402,1,N/A,1/16W,"R84,R85",YAGEO," RL0402FR-070R5L",REL,N/A,N/A,N/A,N/A,N/A,?,?
79,1,E007860,RES PRECISION THICK FILM CHIP," 10.5K",R0402,1,N/A,1/16W,R95,PANASONIC," ERJ-2RKF1052X",REL,ADD_TO_STOCK,N/A,N/A,1528_CAB3,7005687,?,?
80,1,E003791,RES PRECISION THICK FILM CHIP," 20K",R0402,1,N/A,1/16W,R97,PANASONIC," ERJ-2RKF2002X",REL,A003-0035-048,41816DG1537,N/A,1264_CAB3,N/A,?,?
81,1,E006643,RES PRECISION THICK FILM CHIP," 4.99K",R0402,1,N/A,1/16W,R98,PANASONIC," ERJ-2RKF4991X",REL,A003-0035-080,41816JH612,N/A,1263_CAB3,N/A,?,?
82,1,E019952,RES THIN FILM CHIP," 11.3K",R0402,0.1,N/A,1/16W,RC1,TE CONNECTIVITY," CPF0402B11K3E1",REL,N/A,N/A,N/A,N/A,N/A,?,?
83,1,E019517,RES THICK FILM CHIP," 23.2K",R0402,1,N/A,1/16W,RF1,MULTICOMP (SPC)," MC 0.0625W 0402 1% 23K2",REL,N/A,N/A,N/A,N/A,7006846,?,?
84,1,E020912,RES PRECISION THICK FILM CHIP," 34.8K",R0402,1,N/A,1/10W,RF2,PANASONIC," ERJ-2RKF3482X",REL,N/A,N/A,N/A,N/A,N/A,?,?
85,1,E015181,RES GEN PURPOSE FILM," 1",R0603,1,N/A,1/10W,RFILT,YAGEO," RC0603FR-071RL",REL,N/A,N/A,N/A,N/A,7005439,?,?
86,1,E020516,RES PRECISION THICK FILM CHIP," 88.7K",R0402,1,N/A,1/10W,RFREQ,PANASONIC," ERJ-2RKF8872X",REL,N/A,N/A,N/A,N/A,N/A,?,?
87,1,E021585,IC 32BIT ARM-BASED 128KB FLASH MCU," ATSAM3U2CA-AU",LQFP100,N/A,N/A,?,U1,ATMEL," ATSAM3U2CA-AU",RWC,N/A,N/A,N/A,N/A,N/A,?,?
88,1,E026980,IC-ADI DUAL 16BIT NANODAC WITH EXTERNAL REFERENCE," AD5663RBRMZ-5",RM10,N/A,N/A,?,U10,ANALOG DEVICES," AD5663RBRMZ-5",REL,N/A,N/A,N/A,N/A,1008254,?,?
89,2,E007770,"IC 16-BIT, 4-CH 250 KSPS PULSAR ADC"," AD7682BCPZ",QFN20_4X4_PAD2_5X2_5,N/A,2.7V TO 5.5V,?,"U11,U12",ADI," AD7682BCPZ",REL,N/A,40901JH1329,N/A,N/A,1002152,?,?
90,1,E016603,IC-ADI HOTSWAP CTRLR AND D-POWER MONITOR," ADM1178-1ARMZ",RM10,N/A,N/A,?,U2,ANALOG DEVICES," ADM1178-1ARMZ-R7",REL,N/A,N/A,N/A,N/A,1003531,?,?
91,1,E023531,"IC-ADI 20V, 200mA, LOW NOISE,CMOS LDO LINEAR REG, 3.3 VOUT"," ADP7118ACPZN3.3",DFN6_2X2_PAD1_6X1,N/A,3.3V,?,U3,ANALOG DEVICES," ADP7118ACPZN3.3-R7",REL,N/A,N/A,N/A,N/A,N/A,?,?
92,1,E012776,IC-ADI PRECISION LOW DRIFT VOLTAGE REFERENCE," ADR381ARTZ",SOT23,N/A,N/A,?,U4,ANALOG DEVICES," ADR381ARTZ-REEL7",REL,N/A,N/A,N/A,N/A,30-025280-01,?,?
93,1,E018413,IC-ADI SYNCHRONOUS STEP DOWN DC TO DC REGULATOR," ADP2442ACPZ",QFN12_3X3_PAD1_6X1_6,N/A,N/A,?,U5,ANALOG DEVICES," ADP2442ACPZ-R7",REL,N/A,N/A,N/A,N/A,1003785,?,?
94,1,E021119,"IC-ADI ULTRA LOW NOISE, HIGH PSRR, FAST TRANSIENT RESPONSE CMOS, LDO"," ADM7171ACPZ",DFN8_3X3_PAD2_38X1_64,N/A,N/A,?,U6,ANALOG DEVICES," ADM7171ACPZ-R7",REL,N/A,N/A,N/A,N/A,N/A,?,?
95,1,E021288,"IC-ADI 20V, 200mA LOW NOISE, CMOS LIN REG, 5 VOUT"," ADP7118ACPZN5.0",DFN6_2X2_PAD1_6X1,N/A,N/A,?,U7,ANALOG DEVICES," ADP7118ACPZN5.0-R7",REL,N/A,N/A,N/A,N/A,N/A,?,?
96,1,E019029,IC-ADI PWM DC-CD SWITCHING CONVERTER," ADP1614ACPZ-1.3",QFN10_3X3_PAD2_38X1_64,N/A,N/A,?,U9,ANALOG DEVICES," ADP1614ACPZ-1.3-R7",REL,N/A,N/A,N/A,N/A,N/A,?,?
97,2,E018673,IC ADI QUAD SPST SWITCHES," ADG1611BCPZ",QFN16_4X4_PAD2_5X2_5,N/A,N/A,?,"UA11,UB11",ANALOG DEVICES," ADG1611BCPZ-REEL",REL,N/A,N/A,N/A,N/A,1003175,?,?
98,2,E012674,"IC-ADI 5V HIGH V,I SHNT MONITR"," AD8210WYRZ",SO8,N/A,N/A,?,"UA12,UB12",ADI," AD8210WYRZ",REL,N/A,N/A,N/A,N/A,1002435,?,?
99,2,E020276,"IC-ADI DUAL CHA, NONVOLATILE DIGITAL POT"," AD5122ABCPZ10",QFN16_3X3_PAD1_6X1_6,N/A,N/A,?,"UA9,UB9",ANALOG DEVICES," AD5122ABCPZ10-RL7",REL,N/A,N/A,N/A,N/A,N/A,?,?
100,1,E021373,IC CRYSTAL GLASS SEALING," 12MEGHZ",YSML197W126H59,30PPM,N/A,N/A,Y1,TXC CORPORATION," AA-12.000MAGE-T",REL,N/A,N/A,N/A,N/A,N/A,?,?


The following components are part of the PCB or are NOT to be installed
ITEM#,Qty,WW_PN,DESCRIPTION," VALUE",JEDEC_TYPE,TOL,VOLTAGE,WATTAGE,LOCATION,MFG," MFG_PN",HLM_STATUS,STOCKROOM_WL,STOCKROOM_GT,STOCKROOM_LK,STOCKROOM_GBO,STOCKROOM_NSH,CUSTOM_PART,DNI
 8,2,E007982,CAP CER MULTILAYER NP0 0402," 10pF",C0402,5,50V,N/A,"C57,C102",YAGEO," CC0402JRNP09BN100",REL,A004-0011-015,N/A,N/A,146_BIN2-6A,7002459,?,DNI
 20,2,E035727,CAP CER 33PF 50V 5% C0G 0402," 33PF",C0402,5,50V,N/A,"C67,C84",SAMSUNG," CL05C330JB5NNNC",REL,N/A,N/A,N/A,N/A,N/A,?,DNI
 26,1,E000381,"DO NOT INSTALL (TBD_C0402), PLEASE USE SYM_3 AND/OR SYM_4"," TBD0402",C0402,TBD0402,TBD0402,N/A,CSS,TBD0402," TBD0402",REL,TBD0402,N/A,N/A,N/A,N/A,?,DNI
 36,1,E019864,CONN-PCB HDR 1.27MM P MICRO SMT," FTSH-105-01-L-DV-TR",CNHDR2X5H245,N/A,N/A,N/A,JTAG,SAMTEC," FTSH-105-01-L-DV-TR",REL,N/A,N/A,N/A,N/A,N/A,?,DNI
 46,2,E007502,RES CHIP SMD WW PRECISION POWER," 0",R0603,N/A,N/A,N/A,"R11,R56",VISHAY," CRCW06030000Z0EA",REL,N/A,N/A,N/A,N/A,7000371,?,DNI
 48,1,E004152,RES THIN FILM CHIP," 0",R0805,N/A,N/A,1/10W,R13,MULTICOMP (SPC)," MC 0.1W 0805 0R",REL,N/A,N/A,N/A,N/A,7005370,?,DNI
 57,2,E003760,RES FILM SMD 0402," 100",R0402,1,N/A,1/16W,"R26,R34",VENKEL," CR0402-16W-1000FPT",REL,A003-0035-014,N/A,N/A,749_CAB3,N/A,?,DNI
 72,2,E007883,RES PRECISION THICK FILM CHIP R0603," 100",R0603,1,N/A,1/16W,"R58,R60",MULTICOMP (SPC)," MC 0.063W 0603 1% 100R",REL,N/A,N/A,FEC 9330364,N/A,N/A,?,DNI

